Model,Original,reconstructed
hific-lo,12.57314046,0.144917806
hific-mi,12.57314046,0.305053711
hific-hi,12.57314046,0.471720378