Model,Original,reconstructed
hific-lo,10.23128255,0.125061035
hific-mi,10.23128255,0.248779297
hific-hi,10.23128255,0.35555013