Model,Original,reconstructed
hific-lo,14.9841512,0.249471029
hific-mi,14.9841512,0.475748698
hific-hi,14.9841512,0.749267578