Model,Original,reconstructed
hific-lo,12.96858724,0.15045166
hific-mi,12.96858724,0.301717122
hific-hi,12.96858724,0.460103353